CREATE TABLE POSITION (
  ID   BIGINT NOT NULL PRIMARY KEY,
  NAME VARCHAR(100)
);

CREATE TABLE DEPARTMENT (
  ID      BIGINT       NOT NULL PRIMARY KEY,
  NAME    VARCHAR(100) NOT NULL,
  ADDRESS VARCHAR(500)
);

CREATE TABLE PERSON (
  ID            BIGINT       NOT NULL PRIMARY KEY,
  FULL_NAME     VARCHAR(200) NOT NULL,
  POSITION_ID   BIGINT,
  DEPARTMENT_ID BIGINT,
  SALARY        NUMERIC(10, 2)
);

CREATE INDEX IDX_PERSON_FULL_NAME ON PERSON ("FULL_NAME");

INSERT INTO POSITION (ID, NAME) VALUES (1, 'Java Developer');
INSERT INTO POSITION (ID, NAME) VALUES (2, 'System Analyst');
INSERT INTO POSITION (ID, NAME) VALUES (3, 'Software Architect');
INSERT INTO POSITION (ID, NAME) VALUES (4, 'Project Manager');

INSERT INTO DEPARTMENT (ID, NAME, ADDRESS) VALUES (1, 'Central', 'Center Ave');
INSERT INTO DEPARTMENT (ID, NAME, ADDRESS) VALUES (2, 'Experemental', 'Village');

INSERT INTO PERSON (ID, FULL_NAME, POSITION_ID, DEPARTMENT_ID, SALARY)
VALUES (1, 'Sarah R. Allen', 2, 1, 900.00);
INSERT INTO PERSON (ID, FULL_NAME, POSITION_ID, DEPARTMENT_ID, SALARY)
VALUES (2, 'Michael M. Reader', 3, 1, 2500.00);
INSERT INTO PERSON (ID, FULL_NAME, POSITION_ID, DEPARTMENT_ID, SALARY)
VALUES (3, 'Edna W. Gutierrez', 1, 2, 1700.00);
INSERT INTO PERSON (ID, FULL_NAME, POSITION_ID, DEPARTMENT_ID, SALARY)
VALUES (4, 'Aaron N. Harry', 2, 1, 1100.00);
INSERT INTO PERSON (ID, FULL_NAME, POSITION_ID, DEPARTMENT_ID, SALARY)
VALUES (5, 'Arlene T. Bibbs', 1, 2, 700.00);
INSERT INTO PERSON (ID, FULL_NAME, POSITION_ID, DEPARTMENT_ID, SALARY)
VALUES (6, 'Lisa J. Ortiz', 4, 1, 1500.00);
INSERT INTO PERSON (ID, FULL_NAME, POSITION_ID, DEPARTMENT_ID, SALARY)
VALUES (7, 'Micheal M. Clark', 1, 1, 1000.00);
INSERT INTO PERSON (ID, FULL_NAME, POSITION_ID, DEPARTMENT_ID, SALARY)
VALUES (8, 'David C. Hopper', 2, 2, 1300.00);
INSERT INTO PERSON (ID, FULL_NAME, POSITION_ID, DEPARTMENT_ID, SALARY)
VALUES (9, 'Andrew A. Barker', 1, 2, 1800.00);
INSERT INTO PERSON (ID, FULL_NAME, POSITION_ID, DEPARTMENT_ID, SALARY)
VALUES (10, 'William M. Ochoa', 1, 1, 1300.00);
